Name,Years,Team
12140,"Winston, Jameis",0,The Truth
523,"Packers, Green Bay",0,The Truth
11201,"Lacy, Eddie",0,The Truth
504,"Patriots, New England",0,The Truth
10903,"Matthews, Rishard",0,The Truth
9474,"Cook, Jared",0,The Truth
11695,"Ebron, Eric",0,The Truth
11186,"Thompson, Chris",0,The Truth
516,"Cowboys, Dallas",0,The Truth
12637,"Barber, Peyton",0,The Truth
12444,"Smith, Rod",0,The Truth
10389,"Lewis, Dion",0,Baby Steps
511,"Broncos, Denver",0,Baby Steps
12610,"Wentz, Carson",0,Baby Steps
522,"Lions, Detroit",0,Baby Steps
501,"Bills, Buffalo",0,Baby Steps
13303,"Elliott, Jake",0,Baby Steps
12110,"Brate, Cameron",0,Baby Steps
12930,"Anderson, Robby",0,Baby Steps
11747,"White, James",0,OhHeBack
10276,"Ingram, Mark",0,OhHeBack
510,"Steelers, Pittsburgh",0,OhHeBack
7391,"Manning, Eli",0,OhHeBack
10369,"Powell, Bilal",0,OhHeBack
11672,"Lee, Marqise",0,OhHeBack
11761,"McKinnon, Jerick",0,OhHeBack
8673,"Ginn Jr., Ted",0,OhHeBack
9912,"Dickson, Ed",0,OhHeBack
529,"Saints, New Orleans",0,OhHeBack
8930,"Prater, Matt",0,OhHeBack
10372,"Thomas, Julius",0,OhHeBack
10983,"Hogan, Chris",0,Hit Stick Hero
12801,"Hill, Tyreek",0,Hit Stick Hero
11675,"Adams, Davante",0,Hit Stick Hero
11642,"Bortles, Blake",0,Hit Stick Hero
8416,"Walker, Delanie",0,Hit Stick Hero
11182,"Burkhead, Rex",0,Hit Stick Hero
13299,"Kittle, George",0,Hit Stick Hero
518,"Eagles, Philadelphia",0,Hit Stick Hero
13354,"Butker, Harrison",0,Hit Stick Hero
8687,"Olsen, Greg",0,Hot Sub Hawkes
12153,"Yeldon, T.J.",0,Hot Sub Hawkes
528,"Rams, St. Louis",0,Hot Sub Hawkes
9693,"Woodhead, Danny",0,Hot Sub Hawkes
7813,"Smith, Alex",0,Hot Sub Hawkes
9118,"Nelson, Jordy",0,Hot Sub Hawkes
12150,"Gurley, Todd",0,Hot Sub Hawkes
10729,"Hilton, T.Y.",0,Hot Sub Hawkes
11697,"Seferian-Jenkins, Austin",0,Hot Sub Hawkes
10948,"Keenum, Case",0,Hot Sub Hawkes
9662,"Edelman, Julian",0,Hot Sub Hawkes
9436,"Maclin, Jeremy",0,Team Hoey
6997,"Witten, Jason",0,Team Hoey
13290,"Cohen, Tarik",0,Team Hoey
12628,"Collins, Alex",0,Team Hoey
12212,"Kroft, Tyler",0,Team Hoey
13404,"Ekeler, Austin",0,Team Hoey
13158,"Westbrook, Dede",0,Team Hoey
10872,"Walsh, Blair",0,Team Hoey
12630,"Drake, Kenyan",0,Team Hoey
13364,"Carson, Chris",0,Team Hoey
12887,"Kelley, Rob",0,Team Ryan Burkes
12098,"West, Charcandrick",0,Team Ryan Burkes
9122,"Forte, Matt",0,Team Ryan Burkes
11175,"Ellington, Andre",0,Team Ryan Burkes
10289,"Smith, Torrey",0,Team Ryan Burkes
7877,"Gore, Frank",0,Team Ryan Burkes
11951,"Snead, Willie",0,Team Ryan Burkes
10077,"Ivory, Christopher",0,Team Ryan Burkes
11834,"Blue, Alfred",0,Team Ryan Burkes
10700,"Cousins, Kirk",0,Team Ryan Burkes
9611,"Miller, Zach",0,Team Ryan Burkes
520,"Redskins, Washington",0,Team Ryan Burkes
9686,"Succop, Ryan",0,Team Ryan Burkes
8153,"Gould, Robbie",0,Team Ryan Burkes
7942,"Sproles, Darren",0,Team Ryan Burkes
11390,"Murray, Latavius",0,One Man Wolfpack
12956,"Lutz, Wil",0,One Man Wolfpack
11668,"Crowell, Isaiah",0,One Man Wolfpack
12627,"Prosise, C.J.",0,One Man Wolfpack
531,"Ravens, Baltimore",0,One Man Wolfpack
9431,"Stafford, Matthew",0,One Man Wolfpack
514,"Chargers, San Diego",0,One Man Wolfpack
10313,"Dalton, Andy",0,One Man Wolfpack
13378,"Breida, Matt",0,One Man Wolfpack
12159,"Allen, Javorius",0,One Man Wolfpack
12319,"Nelson, J.J.",0,One Man Wolfpack
11977,"Darkwa, Orleans",0,One Man Wolfpack
13144,"McGuire, Elijah",0,One Man Wolfpack
12912,"Richard, Jalen",0,One Man Wolfpack
11516,"Doyle, Jack",0,McNutty
12187,"Lockett, Tyler",0,McNutty
11454,"Anderson, C.J.",0,McNutty
7401,"Roethlisberger, Ben",0,McNutty
12154,"Ajayi, Jay",0,McNutty
11676,"Matthews, Jordan",0,McNutty
521,"Bears, Chicago",0,McNutty
10868,"Zuerlein, Greg",0,McNutty
11227,"Stills, Kenny",0,McNutty
11239,"Goodwin, Marquise",0,McNutty
10870,"Morris, Alfred",0,McNutty
11936,"Boswell, Chris",0,McNutty
10738,"Jones, Marvin",0,Team Cary What
11680,"Landry, Jarvis",0,Team Cary What
12634,"Howard, Jordan",0,Team Cary What
524,"Vikings, Minnesota",0,Team Cary What
12205,"Funchess, Devin",0,Team Cary What
10695,"Luck, Andrew",0,Team Cary What
6789,"Bryant, Matt",0,Team Cary What
509,"Jaguars, Jacksonville",0,Team Cary What
13135,"Gallman, Wayne",0,Team Cary What
12611,"Goff, Jared",0,Team Cary What
